<?xml version="1.0" encoding="UTF-8"?>
<project-private xmlns="http://www.netbeans.org/ns/project-private/1">
    <editor-bookmarks xmlns="http://www.netbeans.org/ns/editor-bookmarks/2" lastBookmarkId="0"/>
    <open-files xmlns="http://www.netbeans.org/ns/projectui-open-files/2">
        <group>
            <file>file:/E:/NetBeans_Fase2/src/proyectofase2/BorrarCentro.java</file>
            <file>file:/E:/NetBeans_Fase2/src/proyectofase2/ConexionDB.java</file>
            <file>file:/E:/NetBeans_Fase2/src/proyectofase2/ModificarCentro.java</file>
            <file>file:/E:/NetBeans_Fase2/src/proyectofase2/Centro.java</file>
            <file>file:/E:/NetBeans_Fase2/src/proyectofase2/ModeloCentros.java</file>
            <file>file:/E:/NetBeans_Fase2/src/proyectofase2/VentanaPrincipal.java</file>
            <file>file:/E:/NetBeans_Fase2/src/proyectofase2/CentroDeTrabajo.java</file>
            <file>file:/E:/NetBeans_Fase2/src/proyectofase2/VListado.java</file>
        </group>
    </open-files>
</project-private>
